{
  "features": [
    "koi_period",
    "koi_duration",
    "koi_depth",
    "koi_prad",
    "koi_teq",
    "koi_insol",
    "koi_steff",
    "koi_slogg",
    "koi_smet"
  ],
  "accuracy": 0.8317373461012312,
  "precision": 0.7447495961227787,
  "recall": 0.8397085610200364,
  "f1": 0.7893835616438356,
  "roc_auc": 0.9050110027791244,
  "confusion_matrix": [
    [
      755,
      158
    ],
    [
      88,
      461
    ]
  ]
}